Model,Accuracy
Logistic Regression,0.9562043795620438
SVM,0.9562043795620438
Neural Network,0.9708029197080292
Decision Tree,0.927007299270073
